{"cameraMode":{"drawMode":0,"name":"Shaded","section":"Shading Mode"},"sceneLighting":true,"audioPlay":false,"sceneViewState":{"m_AlwaysRefresh":false,"showFog":true,"showSkybox":true,"showFlares":true,"showImageEffects":true,"showParticleSystems":true,"showVisualEffectGraphs":true,"m_FxEnabled":true},"in2DMode":false,"pivot":{"x":1.3863924741744996,"y":1.6832876205444337,"z":-1.8593895435333253},"rotation":{"x":0.2673341929912567,"y":-0.10841067880392075,"z":0.030284011736512185,"w":0.9570081830024719},"size":1.6226465702056885,"orthographic":false}